<?xml version="1.0" encoding="UTF-8" ?>
<!-- Generated by Oracle SOA Modeler version 12.2.1.4.0.190828 at [11/11/24 11:27 AM]. -->
<composite name="ShoppingComposite"
           revision="1.0"
           label="2024-11-11_11-27-00_024"
           mode="active"
           state="on"
           xmlns="http://xmlns.oracle.com/sca/1.0"
           xmlns:xs="http://www.w3.org/2001/XMLSchema"
           xmlns:wsp="http://schemas.xmlsoap.org/ws/2004/09/policy"
           xmlns:orawsp="http://schemas.oracle.com/ws/2006/01/policy"
           xmlns:ui="http://xmlns.oracle.com/soa/designer/"
           xmlns:sca-ext="http://xmlns.oracle.com/sca/1.0-ext" xml:id="id_1" ui:customizable="true">
  <import namespace="http://xmlns.oracle.com/ShoppingService/ShoppingServiceProject/VerCantidad"
          location="WSDLs/VerCantidad.wsdl" importType="wsdl" xml:id="id_2"/>
  <import namespace="http://xmlns.oracle.com/ShoppingService/ShoppingServiceProject/Comprador"
          location="WSDLs/Comprador.wsdl" importType="wsdl" xml:id="id_22"/>
  <import namespace="http://xmlns.oracle.com/ShoppingService/ShoppingServiceProject/Vendedor"
          location="WSDLs/Vendedor.wsdl" importType="wsdl" xml:id="id_35"/>
  <import namespace="http://xmlns.oracle.com/ShoppingService/ShoppingServiceProject/Gestor" location="WSDLs/Gestor.wsdl"
          importType="wsdl" xml:id="id_43"/>
  <service name="vercantidad_client_ep" ui:wsdlLocation="WSDLs/VerCantidad.wsdl" xml:id="id_3">
    <interface.wsdl interface="http://xmlns.oracle.com/ShoppingService/ShoppingServiceProject/VerCantidad#wsdl.interface(VerCantidad)"
                    xml:id="id_4"/>
    <binding.ws port="http://xmlns.oracle.com/ShoppingService/ShoppingServiceProject/VerCantidad#wsdl.endpoint(vercantidad_client_ep/VerCantidad_pt)"
                xml:id="id_5"/>
  </service>
  <service name="comprador_client_ep" ui:wsdlLocation="WSDLs/Comprador.wsdl" xml:id="id_23">
    <interface.wsdl interface="http://xmlns.oracle.com/ShoppingService/ShoppingServiceProject/Comprador#wsdl.interface(Comprador)"
                    xml:id="id_24"/>
    <binding.ws port="http://xmlns.oracle.com/ShoppingService/ShoppingServiceProject/Comprador#wsdl.endpoint(comprador_client_ep/Comprador_pt)"
                xml:id="id_25"/>
  </service>
  <service name="vendedor_client_ep" ui:wsdlLocation="WSDLs/Vendedor.wsdl" xml:id="id_36">
    <interface.wsdl interface="http://xmlns.oracle.com/ShoppingService/ShoppingServiceProject/Vendedor#wsdl.interface(Vendedor)"
                    xml:id="id_37"/>
    <binding.ws port="http://xmlns.oracle.com/ShoppingService/ShoppingServiceProject/Vendedor#wsdl.endpoint(vendedor_client_ep/Vendedor_pt)"
                xml:id="id_38"/>
  </service>
  <service name="gestor_client_ep" ui:wsdlLocation="WSDLs/Gestor.wsdl" xml:id="id_49">
    <interface.wsdl interface="http://xmlns.oracle.com/ShoppingService/ShoppingServiceProject/Gestor#wsdl.interface(Gestor)"
                    xml:id="id_50"/>
    <binding.ws port="http://xmlns.oracle.com/ShoppingService/ShoppingServiceProject/Gestor#wsdl.endpoint(gestor_client_ep/Gestor_pt)"
                xml:id="id_51"/>
  </service>
  <property name="productVersion" type="xs:string" many="false" xml:id="id_6">12.2.1.4.0.190828</property>
  <property name="compositeID" type="xs:string" many="false" xml:id="id_7">60ba8fa9-4b38-4269-9d30-4719e676580d</property>
  <component name="VerCantidad" version="2.0" xml:id="id_8">
    <implementation.bpel src="BPEL/VerCantidad.bpel" xml:id="id_9"/>
    <componentType xml:id="id_10">
      <service name="vercantidad_client" ui:wsdlLocation="WSDLs/VerCantidad.wsdl" xml:id="id_11">
        <interface.wsdl interface="http://xmlns.oracle.com/ShoppingService/ShoppingServiceProject/VerCantidad#wsdl.interface(VerCantidad)"
                        xml:id="id_12"/>
      </service>
    </componentType>
    <property name="bpel.config.transaction" type="xs:string" many="false" xml:id="id_13">required</property>
  </component>
  <component name="Comprador" xml:id="id_17" version="2.0">
    <implementation.bpel src="BPEL/Comprador.bpel" xml:id="id_18"/>
    <componentType xml:id="id_19">
      <service name="comprador_client" ui:wsdlLocation="WSDLs/Comprador.wsdl" xml:id="id_20">
        <interface.wsdl interface="http://xmlns.oracle.com/ShoppingService/ShoppingServiceProject/Comprador#wsdl.interface(Comprador)"
                        xml:id="id_21"/>
      </service>
    </componentType>
    <property name="bpel.config.transaction" type="xs:string" many="false" xml:id="id_29">required</property>
  </component>
  <component name="Vendedor" xml:id="id_30" version="2.0">
    <implementation.bpel src="BPEL/Vendedor.bpel" xml:id="id_31"/>
    <componentType xml:id="id_32">
      <service name="vendedor_client" ui:wsdlLocation="WSDLs/Vendedor.wsdl" xml:id="id_33">
        <interface.wsdl interface="http://xmlns.oracle.com/ShoppingService/ShoppingServiceProject/Vendedor#wsdl.interface(Vendedor)"
                        xml:id="id_34"/>
      </service>
    </componentType>
    <property name="bpel.config.transaction" type="xs:string" many="false" xml:id="id_42">required</property>
  </component>
  <component name="Gestor" xml:id="id_44" version="2.0">
    <implementation.bpel src="BPEL/Gestor.bpel" xml:id="id_45"/>
    <componentType xml:id="id_46">
      <service name="gestor_client" ui:wsdlLocation="WSDLs/Gestor.wsdl" xml:id="id_47">
        <interface.wsdl interface="http://xmlns.oracle.com/ShoppingService/ShoppingServiceProject/Gestor#wsdl.interface(Gestor)"
                        xml:id="id_48"/>
      </service>
      <reference name="vercantidad_client" ui:wsdlLocation="WSDLs/VerCantidad.wsdl" xml:id="id_56">
        <interface.wsdl interface="http://xmlns.oracle.com/ShoppingService/ShoppingServiceProject/VerCantidad#wsdl.interface(VerCantidad)"
                        xml:id="id_57"/>
      </reference>
      <reference name="comprador_client" ui:wsdlLocation="WSDLs/Comprador.wsdl" xml:id="id_58">
        <interface.wsdl interface="http://xmlns.oracle.com/ShoppingService/ShoppingServiceProject/Comprador#wsdl.interface(Comprador)"
                        xml:id="id_59"/>
      </reference>
      <reference name="vendedor_client" ui:wsdlLocation="WSDLs/Vendedor.wsdl" xml:id="id_60">
        <interface.wsdl interface="http://xmlns.oracle.com/ShoppingService/ShoppingServiceProject/Vendedor#wsdl.interface(Vendedor)"
                        xml:id="id_61"/>
      </reference>
    </componentType>
    <property name="bpel.config.transaction" type="xs:string" many="false" xml:id="id_55">required</property>
  </component>
  <wire xml:id="id_14">
    <source.uri xml:id="id_15">vercantidad_client_ep</source.uri>
    <target.uri xml:id="id_16">VerCantidad/vercantidad_client</target.uri>
  </wire>
  <wire xml:id="id_26">
    <source.uri xml:id="id_27">comprador_client_ep</source.uri>
    <target.uri xml:id="id_28">Comprador/comprador_client</target.uri>
  </wire>
  <wire xml:id="id_39">
    <source.uri xml:id="id_40">vendedor_client_ep</source.uri>
    <target.uri xml:id="id_41">Vendedor/vendedor_client</target.uri>
  </wire>
  <wire xml:id="id_52">
    <source.uri xml:id="id_53">gestor_client_ep</source.uri>
    <target.uri xml:id="id_54">Gestor/gestor_client</target.uri>
  </wire>
  <wire xml:id="id_62">
    <source.uri xml:id="id_63">Gestor/vercantidad_client</source.uri>
    <target.uri xml:id="id_64">VerCantidad/vercantidad_client</target.uri>
  </wire>
  <wire xml:id="id_65">
    <source.uri xml:id="id_66">Gestor/comprador_client</source.uri>
    <target.uri xml:id="id_67">Comprador/comprador_client</target.uri>
  </wire>
  <wire xml:id="id_68">
    <source.uri xml:id="id_69">Gestor/vendedor_client</source.uri>
    <target.uri xml:id="id_70">Vendedor/vendedor_client</target.uri>
  </wire>
</composite>
