<?xml version="1.0" encoding="UTF-8" ?>
<!-- Generated by Oracle SOA Modeler version 12.2.1.4.0.190828 at [10/30/24 4:48 PM]. -->
<composite name="FlightComposite"
           revision="1.0"
           label="2024-10-30_16-48-54_560"
           mode="active"
           state="on"
           xmlns="http://xmlns.oracle.com/sca/1.0"
           xmlns:xs="http://www.w3.org/2001/XMLSchema"
           xmlns:wsp="http://schemas.xmlsoap.org/ws/2004/09/policy"
           xmlns:orawsp="http://schemas.oracle.com/ws/2006/01/policy"
           xmlns:ui="http://xmlns.oracle.com/soa/designer/"
           xmlns:sca-ext="http://xmlns.oracle.com/sca/1.0-ext" xml:id="id_1" ui:customizable="false">
  <import namespace="http://xmlns.oracle.com/FlightServices/FlightServicesProject/GestorProcess"
          location="WSDLs/GestorProcess.wsdl" importType="wsdl" xml:id="id_2"/>
  <import namespace="http://xmlns.oracle.com/FlightServices/FlightServicesProject/EmpleadoProcess"
          location="WSDLs/EmpleadoProcess.wsdl" importType="wsdl" xml:id="id_3"/>
  <import namespace="http://xmlns.oracle.com/FlightServices/FlightServicesProject/IberiaProcess"
          location="WSDLs/IberiaProcess.wsdl" importType="wsdl" xml:id="id_4"/>
  <import namespace="http://xmlns.oracle.com/FlightServices/FlightServicesProject/VuelingProcess"
          location="WSDLs/VuelingProcess.wsdl" importType="wsdl" xml:id="id_50"/>
  <service name="gestorprocess_client_ep" ui:wsdlLocation="WSDLs/GestorProcess.wsdl" xml:id="id_5">
    <interface.wsdl interface="http://xmlns.oracle.com/FlightServices/FlightServicesProject/GestorProcess#wsdl.interface(GestorProcess)"
                    xml:id="id_6"/>
    <binding.ws port="http://xmlns.oracle.com/FlightServices/FlightServicesProject/GestorProcess#wsdl.endpoint(gestorprocess_client_ep/GestorProcess_pt)"
                xml:id="id_7"/>
  </service>
  <service name="empleadoprocess_client_ep" ui:wsdlLocation="WSDLs/EmpleadoProcess.wsdl" xml:id="id_8">
    <interface.wsdl interface="http://xmlns.oracle.com/FlightServices/FlightServicesProject/EmpleadoProcess#wsdl.interface(EmpleadoProcess)"
                    xml:id="id_9"/>
    <binding.ws port="http://xmlns.oracle.com/FlightServices/FlightServicesProject/EmpleadoProcess#wsdl.endpoint(empleadoprocess_client_ep/EmpleadoProcess_pt)"
                xml:id="id_10"/>
  </service>
  <service name="iberiaprocess_client_ep" ui:wsdlLocation="WSDLs/IberiaProcess.wsdl" xml:id="id_11">
    <interface.wsdl interface="http://xmlns.oracle.com/FlightServices/FlightServicesProject/IberiaProcess#wsdl.interface(IberiaProcess)"
                    xml:id="id_12"/>
    <binding.ws port="http://xmlns.oracle.com/FlightServices/FlightServicesProject/IberiaProcess#wsdl.endpoint(iberiaprocess_client_ep/IberiaProcess_pt)"
                xml:id="id_13"/>
  </service>
  <service name="vuelingprocess_client_ep" ui:wsdlLocation="WSDLs/VuelingProcess.wsdl" xml:id="id_51">
    <interface.wsdl interface="http://xmlns.oracle.com/FlightServices/FlightServicesProject/VuelingProcess#wsdl.interface(VuelingProcess)"
                    xml:id="id_52"/>
    <binding.ws port="http://xmlns.oracle.com/FlightServices/FlightServicesProject/VuelingProcess#wsdl.endpoint(vuelingprocess_client_ep/VuelingProcess_pt)"
                xml:id="id_53"/>
  </service>
  <property name="productVersion" type="xs:string" many="false" xml:id="id_14">12.2.1.4.0.190828</property>
  <property name="compositeID" type="xs:string" many="false" xml:id="id_15">e7a8a897-a9a8-4cd8-a267-0baf9ec443ac</property>
  <component name="GestorProcess" version="2.0" xml:id="id_16">
    <implementation.bpel src="BPEL/GestorProcess.bpel" xml:id="id_17"/>
    <componentType xml:id="id_18">
      <service name="gestorprocess_client" ui:wsdlLocation="WSDLs/GestorProcess.wsdl" xml:id="id_19">
        <interface.wsdl interface="http://xmlns.oracle.com/FlightServices/FlightServicesProject/GestorProcess#wsdl.interface(GestorProcess)"
                        xml:id="id_20"/>
      </service>
      <reference name="empleado_client" ui:wsdlLocation="WSDLs/EmpleadoProcess.wsdl" xml:id="id_60">
        <interface.wsdl interface="http://xmlns.oracle.com/FlightServices/FlightServicesProject/EmpleadoProcess#wsdl.interface(EmpleadoProcess)"
                        xml:id="id_61"/>
      </reference>
      <reference name="iberia_client" ui:wsdlLocation="WSDLs/IberiaProcess.wsdl" xml:id="id_62">
        <interface.wsdl interface="http://xmlns.oracle.com/FlightServices/FlightServicesProject/IberiaProcess#wsdl.interface(IberiaProcess)"
                        xml:id="id_63"/>
      </reference>
      <reference name="vueling_client" ui:wsdlLocation="WSDLs/VuelingProcess.wsdl" xml:id="id_64">
        <interface.wsdl interface="http://xmlns.oracle.com/FlightServices/FlightServicesProject/VuelingProcess#wsdl.interface(VuelingProcess)"
                        xml:id="id_65"/>
      </reference>
    </componentType>
    <property name="bpel.config.transaction" type="xs:string" many="false" xml:id="id_23">required</property>
  </component>
  <component name="EmpleadoProcess" version="2.0" xml:id="id_24">
    <implementation.bpel src="BPEL/EmpleadoProcess.bpel" xml:id="id_25"/>
    <componentType xml:id="id_26">
      <service name="empleadoprocess_client" ui:wsdlLocation="WSDLs/EmpleadoProcess.wsdl" xml:id="id_27">
        <interface.wsdl interface="http://xmlns.oracle.com/FlightServices/FlightServicesProject/EmpleadoProcess#wsdl.interface(EmpleadoProcess)"
                        xml:id="id_28"/>
      </service>
    </componentType>
    <property name="bpel.config.transaction" type="xs:string" many="false" xml:id="id_29">required</property>
  </component>
  <component name="IberiaProcess" version="2.0" xml:id="id_30">
    <implementation.bpel src="BPEL/IberiaProcess.bpel" xml:id="id_31"/>
    <componentType xml:id="id_32">
      <service name="iberiaprocess_client" ui:wsdlLocation="WSDLs/IberiaProcess.wsdl" xml:id="id_33">
        <interface.wsdl interface="http://xmlns.oracle.com/FlightServices/FlightServicesProject/IberiaProcess#wsdl.interface(IberiaProcess)"
                        xml:id="id_34"/>
      </service>
    </componentType>
    <property name="bpel.config.transaction" type="xs:string" many="false" xml:id="id_35">required</property>
  </component>
  <component name="VuelingProcess" xml:id="id_45" version="2.0">
    <implementation.bpel src="BPEL/VuelingProcess.bpel" xml:id="id_46"/>
    <componentType xml:id="id_47">
      <service name="vuelingprocess_client" ui:wsdlLocation="WSDLs/VuelingProcess.wsdl" xml:id="id_48">
        <interface.wsdl interface="http://xmlns.oracle.com/FlightServices/FlightServicesProject/VuelingProcess#wsdl.interface(VuelingProcess)"
                        xml:id="id_49"/>
      </service>
    </componentType>
    <property name="bpel.config.oneWayDeliveryPolicy" type="xs:string" many="false" xml:id="id_59">async.persist</property>
  </component>
  <wire xml:id="id_36">
    <source.uri xml:id="id_37">gestorprocess_client_ep</source.uri>
    <target.uri xml:id="id_38">GestorProcess/gestorprocess_client</target.uri>
  </wire>
  <wire xml:id="id_39">
    <source.uri xml:id="id_40">empleadoprocess_client_ep</source.uri>
    <target.uri xml:id="id_41">EmpleadoProcess/empleadoprocess_client</target.uri>
  </wire>
  <wire xml:id="id_42">
    <source.uri xml:id="id_43">iberiaprocess_client_ep</source.uri>
    <target.uri xml:id="id_44">IberiaProcess/iberiaprocess_client</target.uri>
  </wire>
  <wire xml:id="id_66">
    <source.uri xml:id="id_67">vuelingprocess_client_ep</source.uri>
    <target.uri xml:id="id_68">VuelingProcess/vuelingprocess_client</target.uri>
  </wire>
  <wire xml:id="id_69">
    <source.uri xml:id="id_70">GestorProcess/empleado_client</source.uri>
    <target.uri xml:id="id_71">EmpleadoProcess/empleadoprocess_client</target.uri>
  </wire>
  <wire xml:id="id_72">
    <source.uri xml:id="id_73">GestorProcess/iberia_client</source.uri>
    <target.uri xml:id="id_74">IberiaProcess/iberiaprocess_client</target.uri>
  </wire>
  <wire xml:id="id_75">
    <source.uri xml:id="id_76">GestorProcess/vueling_client</source.uri>
    <target.uri xml:id="id_77">VuelingProcess/vuelingprocess_client</target.uri>
  </wire>
</composite>
